student_id,minutes_watched,years,paid_in_q2
6,81.03,2021,1
221,469.07,2021,1
516,46.27,2021,1
520,91.18,2021,1
523,1322.25,2021,1
594,3.73,2021,1
603,8.18,2021,1
608,387.68,2021,1
614,674.4,2021,1
616,1103.45,2021,1
618,546.35,2021,1
659,1337.6,2021,1
666,332.9,2021,1
691,499.52,2021,1
698,35.98,2021,1
699,0.13,2021,1
702,96.92,2021,1
709,2.3,2021,1
767,0.05,2021,1
778,201.6,2021,1
782,33.92,2021,1
800,482.23,2021,1
801,333.42,2021,1
804,514.07,2021,1
805,48.47,2021,1
810,190.17,2021,1
829,151.35,2021,1
830,0.35,2021,1
832,358.18,2021,1
838,507.82,2021,1
840,1122.13,2021,1
841,1298.88,2021,1
842,289.58,2021,1
851,375.37,2021,1
854,6.85,2021,1
862,978.92,2021,1
863,624.93,2021,1
865,1038.43,2021,1
869,175.87,2021,1
870,510.95,2021,1
872,6.72,2021,1
875,355.17,2021,1
876,2.13,2021,1
882,1080.68,2021,1
893,370.12,2021,1
894,0.07,2021,1
900,283.32,2021,1
902,34.62,2021,1
903,141.35,2021,1
908,2278.02,2021,1
911,878.07,2021,1
916,339.07,2021,1
928,99.05,2021,1
930,159.52,2021,1
933,717.52,2021,1
936,379.87,2021,1
956,1.92,2021,1
959,12.3,2021,1
961,326.13,2021,1
965,1125.8,2021,1
969,57.8,2021,1
973,43.7,2021,1
977,0.6,2021,1
982,38.85,2021,1
985,57.78,2021,1
986,0.07,2021,1
987,149.6,2021,1
988,364.28,2021,1
991,1640.47,2021,1
994,280.97,2021,1
998,6.63,2021,1
999,117.92,2021,1
1002,1394.52,2021,1
1006,16.33,2021,1
1008,473.0,2021,1
1010,4.93,2021,1
1014,191.83,2021,1
1015,1026.3,2021,1
1016,56.18,2021,1
1018,171.12,2021,1
1019,8.58,2021,1
1029,62.65,2021,1
1033,0.05,2021,1
1034,107.75,2021,1
1035,1449.77,2021,1
1040,0.08,2021,1
1042,403.88,2021,1
1045,82.25,2021,1
1046,899.57,2021,1
1052,34.33,2021,1
1056,25.33,2021,1
1057,1075.13,2021,1
1063,1867.33,2021,1
1064,27.08,2021,1
1066,375.32,2021,1
1067,0.27,2021,1
1073,5.03,2021,1
1081,453.35,2021,1
1086,894.85,2021,1
1091,46.45,2021,1
1099,0.28,2021,1
1102,983.82,2021,1
1105,2.9,2021,1
1116,0.12,2021,1
1119,73.25,2021,1
1125,11.38,2021,1
1127,433.43,2021,1
1128,1002.52,2021,1
1132,139.87,2021,1
1140,137.6,2021,1
1143,21.02,2021,1
1145,657.35,2021,1
1151,122.35,2021,1
1155,9.13,2021,1
1158,4.58,2021,1
1165,40.68,2021,1
1166,338.82,2021,1
1169,49.65,2021,1
1173,487.4,2021,1
1175,35.25,2021,1
1183,1333.03,2021,1
1187,63.4,2021,1
1188,35.4,2021,1
1190,124.13,2021,1
1196,119.23,2021,1
1197,1758.28,2021,1
1201,200.12,2021,1
1207,184.1,2021,1
1209,6.47,2021,1
1211,615.1,2021,1
1212,42.02,2021,1
1214,36.08,2021,1
1215,1542.72,2021,1
1216,0.18,2021,1
1224,19.88,2021,1
1226,12.83,2021,1
1235,2.75,2021,1
1238,50.8,2021,1
1242,53.38,2021,1
1244,26.03,2021,1
1246,1475.23,2021,1
1249,12.23,2021,1
1253,0.15,2021,1
1257,2.07,2021,1
1259,759.92,2021,1
1266,227.62,2021,1
1271,40.55,2021,1
1272,234.0,2021,1
1283,0.33,2021,1
1284,586.48,2021,1
1292,33.93,2021,1
1294,1.75,2021,1
1299,55.57,2021,1
1306,68.93,2021,1
1308,388.75,2021,1
1313,0.55,2021,1
1317,776.42,2021,1
1323,60.5,2021,1
1324,90.7,2021,1
1327,160.47,2021,1
1330,108.1,2021,1
1331,101.38,2021,1
1336,9.65,2021,1
1347,29.93,2021,1
1350,1694.0,2021,1
1353,397.35,2021,1
1355,232.4,2021,1
1357,142.72,2021,1
1363,765.77,2021,1
1369,4.95,2021,1
1374,219.42,2021,1
1375,28.78,2021,1
1379,3143.92,2021,1
1382,17.15,2021,1
1388,87.18,2021,1
1389,66.67,2021,1
1393,0.05,2021,1
1395,133.52,2021,1
1397,2979.0,2021,1
1419,203.62,2021,1
1424,136.73,2021,1
1426,165.58,2021,1
1428,339.83,2021,1
1434,1690.6,2021,1
1437,318.9,2021,1
1459,95.22,2021,1
1461,7.8,2021,1
1463,7.25,2021,1
1465,47.45,2021,1
1468,10.93,2021,1
1471,0.05,2021,1
1473,48.87,2021,1
1481,30.05,2021,1
1482,354.67,2021,1
1491,2594.37,2021,1
1494,201.93,2021,1
1498,32.62,2021,1
1500,821.4,2021,1
1501,850.03,2021,1
1502,0.63,2021,1
1504,1072.95,2021,1
1513,272.3,2021,1
1522,196.95,2021,1
1531,2.7,2021,1
1532,2.22,2021,1
1535,831.2,2021,1
1537,0.13,2021,1
1538,191.57,2021,1
1542,2007.97,2021,1
1544,26.7,2021,1
1550,395.48,2021,1
1553,83.15,2021,1
1561,550.45,2021,1
1567,921.55,2021,1
1571,77.6,2021,1
1587,93.92,2021,1
1588,5.68,2021,1
1595,102.67,2021,1
1598,65.7,2021,1
1600,33.55,2021,1
1605,173.9,2021,1
1606,5.58,2021,1
1615,3.43,2021,1
1633,13.15,2021,1
1638,706.9,2021,1
1644,135.07,2021,1
1649,3.95,2021,1
1651,71.73,2021,1
1652,322.45,2021,1
1653,247.07,2021,1
1658,159.55,2021,1
1667,23.18,2021,1
1669,259.42,2021,1
1678,470.62,2021,1
1680,1.63,2021,1
1683,1078.18,2021,1
1686,0.13,2021,1
1688,1802.93,2021,1
1693,149.95,2021,1
1695,385.35,2021,1
1701,678.78,2021,1
1702,1.1,2021,1
1705,606.2,2021,1
1710,18.63,2021,1
1711,138.65,2021,1
1713,86.83,2021,1
1732,319.33,2021,1
1733,230.23,2021,1
1737,168.85,2021,1
1739,109.3,2021,1
1745,119.62,2021,1
1759,133.38,2021,1
1765,432.42,2021,1
1773,415.48,2021,1
1776,1695.52,2021,1
1778,887.55,2021,1
1784,0.13,2021,1
1790,1340.68,2021,1
1792,89.05,2021,1
1794,188.13,2021,1
1795,139.98,2021,1
1801,3.0,2021,1
1802,0.45,2021,1
1820,104.48,2021,1
1823,1499.22,2021,1
1825,487.42,2021,1
1827,1.6,2021,1
1835,1386.55,2021,1
1841,23.65,2021,1
1849,81.85,2021,1
1852,587.97,2021,1
1862,2.7,2021,1
1863,118.35,2021,1
1864,454.95,2021,1
1866,1084.68,2021,1
1867,6.07,2021,1
1875,848.48,2021,1
1880,94.98,2021,1
1881,130.05,2021,1
1896,1058.63,2021,1
1897,189.57,2021,1
1898,308.87,2021,1
1900,59.2,2021,1
1902,133.83,2021,1
1908,47.42,2021,1
1909,6.38,2021,1
1911,109.73,2021,1
1914,305.9,2021,1
1917,30.47,2021,1
1918,395.67,2021,1
1932,51.77,2021,1
1935,3.5,2021,1
1938,326.12,2021,1
1939,423.62,2021,1
1945,23.15,2021,1
1947,185.17,2021,1
1950,214.77,2021,1
1957,304.4,2021,1
1959,259.47,2021,1
1960,276.38,2021,1
1977,994.55,2021,1
1993,144.38,2021,1
1994,216.18,2021,1
2003,93.12,2021,1
2010,85.78,2021,1
2018,215.3,2021,1
2019,39.82,2021,1
2022,21.32,2021,1
2026,65.1,2021,1
2051,161.57,2021,1
2054,1562.08,2021,1
2055,53.47,2021,1
2056,55.85,2021,1
2058,0.42,2021,1
2064,232.02,2021,1
2066,1085.98,2021,1
2078,10.13,2021,1
2079,4.47,2021,1
2081,706.77,2021,1
2084,0.4,2021,1
2091,2258.58,2021,1
2092,848.05,2021,1
2093,496.12,2021,1
2099,250.57,2021,1
2104,44.12,2021,1
2106,1.98,2021,1
2108,304.3,2021,1
2112,2237.68,2021,1
2113,43.52,2021,1
2114,696.33,2021,1
2118,554.62,2021,1
2120,581.67,2021,1
2130,92.05,2021,1
2135,16.83,2021,1
2136,1209.87,2021,1
2149,604.18,2021,1
2154,223.72,2021,1
2157,4.47,2021,1
2160,51.12,2021,1
2162,114.65,2021,1
2167,709.68,2021,1
2170,3.3,2021,1
2185,965.85,2021,1
2187,643.38,2021,1
2188,856.53,2021,1
2190,419.65,2021,1
2195,403.48,2021,1
2207,332.4,2021,1
2213,38.28,2021,1
2217,64.05,2021,1
2218,1005.17,2021,1
2222,10.15,2021,1
2229,574.57,2021,1
2231,131.42,2021,1
2233,330.63,2021,1
2236,18.37,2021,1
2248,1398.23,2021,1
2255,17.92,2021,1
2256,41.97,2021,1
2258,1077.97,2021,1
2265,90.55,2021,1
2266,81.12,2021,1
2267,92.4,2021,1
2274,368.78,2021,1
2275,0.25,2021,1
2278,0.67,2021,1
2284,135.93,2021,1
2290,220.47,2021,1
2292,8.5,2021,1
2295,12.08,2021,1
2303,19.08,2021,1
2304,195.35,2021,1
2306,20.45,2021,1
2308,1.7,2021,1
2312,51.25,2021,1
2318,3.58,2021,1
2324,2069.83,2021,1
2332,34.13,2021,1
2335,36.38,2021,1
2338,42.35,2021,1
2339,182.27,2021,1
2340,150.0,2021,1
2351,18.75,2021,1
2354,1848.67,2021,1
2359,26.08,2021,1
2362,125.08,2021,1
2364,397.43,2021,1
2375,59.8,2021,1
2377,61.92,2021,1
2385,367.62,2021,1
2397,712.63,2021,1
2398,0.42,2021,1
2403,2.37,2021,1
2406,36.0,2021,1
2409,1648.95,2021,1
2410,462.68,2021,1
2414,219.82,2021,1
2417,47.23,2021,1
2429,16.12,2021,1
2431,12.58,2021,1
2437,72.22,2021,1
2441,188.0,2021,1
2447,574.28,2021,1
2463,6.98,2021,1
2477,54.48,2021,1
2495,0.18,2021,1
2501,145.05,2021,1
2506,11.5,2021,1
2516,72.4,2021,1
2529,84.67,2021,1
2536,905.38,2021,1
2544,31.4,2021,1
2546,95.87,2021,1
2550,9.62,2021,1
2555,105.8,2021,1
2575,77.85,2021,1
2577,3.45,2021,1
2582,1577.52,2021,1
2591,1674.27,2021,1
2617,158.37,2021,1
2620,73.53,2021,1
2621,221.12,2021,1
2622,15.87,2021,1
2629,216.07,2021,1
2630,90.05,2021,1
2636,1487.57,2021,1
2641,4.6,2021,1
2642,148.72,2021,1
2644,157.17,2021,1
2650,30.2,2021,1
2651,57.92,2021,1
2653,669.4,2021,1
2655,162.0,2021,1
2657,28.17,2021,1
2661,5.18,2021,1
2663,101.92,2021,1
2671,10.38,2021,1
2685,8.12,2021,1
2688,413.17,2021,1
2692,94.75,2021,1
2698,42.17,2021,1
2706,918.18,2021,1
2708,0.17,2021,1
2710,17.15,2021,1
2719,49.2,2021,1
2723,114.78,2021,1
2725,26.9,2021,1
2726,6.58,2021,1
2731,39.83,2021,1
2738,0.28,2021,1
2741,2.25,2021,1
2743,11.23,2021,1
2750,14.98,2021,1
2754,901.28,2021,1
2761,0.3,2021,1
2764,36.55,2021,1
2772,1272.78,2021,1
2774,557.95,2021,1
2793,79.28,2021,1
2797,39.58,2021,1
2803,182.38,2021,1
2805,248.62,2021,1
2811,2617.23,2021,1
2813,17.35,2021,1
2815,310.57,2021,1
2819,27.05,2021,1
2820,0.32,2021,1
2821,351.25,2021,1
2824,21.97,2021,1
2825,1.17,2021,1
2826,12.22,2021,1
2827,1653.57,2021,1
2830,1254.1,2021,1
2831,40.18,2021,1
2833,2.63,2021,1
2839,290.97,2021,1
2840,1.12,2021,1
2843,19.63,2021,1
2851,502.08,2021,1
2859,798.5,2021,1
2866,1630.58,2021,1
2877,518.52,2021,1
2887,566.5,2021,1
2894,0.75,2021,1
2899,2030.1,2021,1
2911,4.05,2021,1
2917,1045.4,2021,1
2918,601.22,2021,1
2920,11.4,2021,1
2922,433.32,2021,1
2928,2.03,2021,1
2929,639.03,2021,1
2930,265.8,2021,1
2933,45.95,2021,1
2938,1331.2,2021,1
2943,285.52,2021,1
2950,0.13,2021,1
2954,316.0,2021,1
2967,0.43,2021,1
2973,68.68,2021,1
2978,35.23,2021,1
2984,648.25,2021,1
3002,1377.88,2021,1
3011,586.38,2021,1
3016,24.17,2021,1
3017,166.62,2021,1
3022,507.85,2021,1
3030,50.2,2021,1
3031,136.78,2021,1
3034,2.18,2021,1
3048,20.78,2021,1
3050,27.88,2021,1
3062,37.85,2021,1
3070,863.63,2021,1
3074,25.3,2021,1
3075,116.97,2021,1
3080,171.5,2021,1
3082,26.25,2021,1
3090,41.8,2021,1
3092,609.1,2021,1
3099,83.88,2021,1
3107,27.43,2021,1
3112,22.42,2021,1
3115,51.72,2021,1
3130,0.23,2021,1
3138,26.58,2021,1
3146,0.18,2021,1
3147,23.58,2021,1
3148,21.27,2021,1
3161,114.78,2021,1
3162,403.97,2021,1
3182,0.13,2021,1
3187,76.87,2021,1
3188,609.05,2021,1
3199,15.88,2021,1
3213,525.12,2021,1
3215,177.32,2021,1
3219,150.4,2021,1
3221,93.63,2021,1
3239,378.4,2021,1
3248,34.23,2021,1
3266,5.95,2021,1
3272,139.33,2021,1
3286,3.98,2021,1
3288,186.98,2021,1
3291,1379.47,2021,1
3297,64.6,2021,1
3303,443.22,2021,1
3305,308.4,2021,1
3316,0.1,2021,1
3338,795.33,2021,1
3359,279.32,2021,1
3364,380.43,2021,1
3366,188.62,2021,1
3367,101.93,2021,1
3379,0.35,2021,1
3381,54.95,2021,1
3393,10.17,2021,1
3402,13.23,2021,1
3414,0.23,2021,1
3416,0.15,2021,1
3419,1.27,2021,1
3420,469.57,2021,1
3423,454.35,2021,1
3426,17.5,2021,1
3430,1346.0,2021,1
3441,45.7,2021,1
3447,10.1,2021,1
3453,295.82,2021,1
3466,251.7,2021,1
3467,17.23,2021,1
3468,672.3,2021,1
3470,20.23,2021,1
3471,234.4,2021,1
3473,35.8,2021,1
3478,824.17,2021,1
3481,2.97,2021,1
3494,272.07,2021,1
3495,0.08,2021,1
3498,1724.83,2021,1
3512,383.12,2021,1
3513,238.78,2021,1
3524,174.63,2021,1
3538,1083.85,2021,1
3550,167.32,2021,1
3558,155.68,2021,1
3575,253.78,2021,1
3589,0.28,2021,1
3598,33.52,2021,1
3611,67.85,2021,1
3613,1191.22,2021,1
3626,824.05,2021,1
3641,192.55,2021,1
3643,2085.23,2021,1
3647,603.68,2021,1
3659,5.37,2021,1
3661,31.27,2021,1
3663,903.43,2021,1
3675,3.88,2021,1
3679,19.55,2021,1
3681,136.9,2021,1
3685,4.75,2021,1
3687,779.38,2021,1
3688,170.4,2021,1
3691,86.68,2021,1
3698,1650.93,2021,1
3700,131.03,2021,1
3702,73.38,2021,1
3704,21.83,2021,1
3707,662.27,2021,1
3708,1.33,2021,1
3709,1440.35,2021,1
3712,47.85,2021,1
3728,893.75,2021,1
3750,51.82,2021,1
3758,153.97,2021,1
3774,1069.77,2021,1
3779,592.3,2021,1
3780,125.65,2021,1
3781,1600.72,2021,1
3785,362.23,2021,1
3787,216.33,2021,1
3797,306.82,2021,1
3799,115.12,2021,1
3809,7.32,2021,1
3814,164.12,2021,1
3815,210.95,2021,1
3817,30.78,2021,1
3824,8.67,2021,1
3832,258.3,2021,1
3840,0.42,2021,1
3850,405.58,2021,1
3852,1007.12,2021,1
3856,963.37,2021,1
3857,2.5,2021,1
3860,266.45,2021,1
3864,469.23,2021,1
3865,227.7,2021,1
3874,2.03,2021,1
3875,517.63,2021,1
3878,2.03,2021,1
3897,0.12,2021,1
3908,13.32,2021,1
3913,0.2,2021,1
3914,8.58,2021,1
3920,0.07,2021,1
3927,1393.07,2021,1
3931,1.98,2021,1
3934,98.72,2021,1
3936,299.78,2021,1
3938,50.38,2021,1
3943,83.57,2021,1
3949,214.07,2021,1
3965,9.58,2021,1
3969,56.2,2021,1
3977,109.32,2021,1
3980,12.15,2021,1
3983,18.62,2021,1
3984,697.13,2021,1
3985,0.37,2021,1
3987,103.37,2021,1
4001,181.15,2021,1
4003,0.05,2021,1
4013,1200.62,2021,1
4019,415.3,2021,1
4034,1226.82,2021,1
4040,740.58,2021,1
4043,548.02,2021,1
4050,2023.55,2021,1
4053,49.53,2021,1
4054,99.58,2021,1
4055,8.83,2021,1
4062,89.43,2021,1
4097,0.07,2021,1
4104,251.62,2021,1
4112,4.95,2021,1
4132,502.37,2021,1
4135,0.08,2021,1
4143,76.6,2021,1
4150,4.53,2021,1
4156,377.05,2021,1
4158,19.97,2021,1
4160,120.48,2021,1
4162,0.55,2021,1
4186,226.75,2021,1
4220,39.9,2021,1
4230,262.8,2021,1
4231,669.92,2021,1
4241,29.05,2021,1
4266,165.3,2021,1
4294,51.43,2021,1
4311,4.58,2021,1
4320,5.13,2021,1
4322,51.8,2021,1
4336,947.95,2021,1
4337,1018.62,2021,1
4347,34.98,2021,1
4360,410.67,2021,1
4363,55.52,2021,1
4371,13.9,2021,1
4376,214.68,2021,1
4377,42.03,2021,1
4381,15.08,2021,1
4384,398.32,2021,1
4393,117.22,2021,1
4395,1.3,2021,1
4400,1037.77,2021,1
4402,324.8,2021,1
4404,615.35,2021,1
4413,833.65,2021,1
4435,806.32,2021,1
4450,0.35,2021,1
4458,69.93,2021,1
4464,33.9,2021,1
4514,306.15,2021,1
4515,87.05,2021,1
4522,0.67,2021,1
4537,169.58,2021,1
4539,0.05,2021,1
4544,49.55,2021,1
4551,0.13,2021,1
4553,0.12,2021,1
4568,20.72,2021,1
4574,36.1,2021,1
4582,24.75,2021,1
4585,635.97,2021,1
4593,2.8,2021,1
4595,59.7,2021,1
4609,19.22,2021,1
4613,130.83,2021,1
4615,0.37,2021,1
4617,1127.9,2021,1
4621,1119.22,2021,1
4629,1812.83,2021,1
4640,293.82,2021,1
4646,149.37,2021,1
4685,6.28,2021,1
4686,4.68,2021,1
4692,106.05,2021,1
4698,6.47,2021,1
4706,304.38,2021,1
4707,1308.05,2021,1
4721,2416.65,2021,1
4723,103.82,2021,1
4739,768.97,2021,1
4743,18.35,2021,1
4745,56.3,2021,1
4751,0.25,2021,1
4756,96.75,2021,1
4784,13.37,2021,1
4790,411.3,2021,1
4793,5.13,2021,1
4795,255.02,2021,1
4797,5.27,2021,1
4801,359.4,2021,1
4803,109.15,2021,1
4827,10.38,2021,1
4828,0.48,2021,1
4829,993.83,2021,1
4837,408.75,2021,1
4843,594.88,2021,1
4849,680.83,2021,1
4861,5.4,2021,1
4869,50.58,2021,1
4872,360.7,2021,1
4874,391.62,2021,1
4877,12.6,2021,1
4884,0.1,2021,1
4898,153.43,2021,1
4917,1.9,2021,1
4921,275.78,2021,1
4927,39.97,2021,1
4939,346.87,2021,1
4946,22.57,2021,1
4958,1449.23,2021,1
4969,5.18,2021,1
4972,48.22,2021,1
4991,946.77,2021,1
5010,391.47,2021,1
5028,819.18,2021,1
5036,964.15,2021,1
5058,15.68,2021,1
5063,0.1,2021,1
5064,252.17,2021,1
5070,181.57,2021,1
5071,315.32,2021,1
5075,575.22,2021,1
5076,348.38,2021,1
5080,1340.82,2021,1
5088,0.78,2021,1
5094,1183.92,2021,1
5098,281.53,2021,1
5104,253.4,2021,1
5130,875.08,2021,1
5136,13.9,2021,1
5143,30.12,2021,1
5153,59.78,2021,1
5155,54.6,2021,1
5203,227.05,2021,1
5212,415.72,2021,1
5221,0.07,2021,1
5223,585.87,2021,1
5227,0.33,2021,1
5262,426.52,2021,1
5274,22.08,2021,1
5279,139.42,2021,1
5286,226.6,2021,1
5299,265.1,2021,1
5309,710.53,2021,1
5321,888.5,2021,1
5323,96.4,2021,1
5325,166.5,2021,1
5334,11.48,2021,1
5336,589.03,2021,1
5340,260.8,2021,1
5358,14.98,2021,1
5373,244.58,2021,1
5380,0.87,2021,1
5382,569.27,2021,1
5385,334.88,2021,1
5389,0.33,2021,1
5391,357.55,2021,1
5392,12.32,2021,1
5424,14.4,2021,1
5427,41.48,2021,1
5434,461.15,2021,1
5450,19.77,2021,1
5453,1559.02,2021,1
5502,244.83,2021,1
5511,0.07,2021,1
5515,7.28,2021,1
5543,975.42,2021,1
5567,761.9,2021,1
5574,9.08,2021,1
5577,252.53,2021,1
5578,16.02,2021,1
5579,7.38,2021,1
5589,146.52,2021,1
5591,6.35,2021,1
5598,28.13,2021,1
5601,245.8,2021,1
5612,173.05,2021,1
5632,112.48,2021,1
5633,2118.77,2021,1
5638,19.27,2021,1
5644,0.07,2021,1
5649,208.67,2021,1
5663,27.6,2021,1
5671,29.2,2021,1
5676,6.62,2021,1
5683,6.57,2021,1
5686,136.97,2021,1
5687,48.3,2021,1
5704,0.55,2021,1
5707,117.47,2021,1
5716,4.53,2021,1
5717,327.33,2021,1
5720,2622.95,2021,1
5734,315.63,2021,1
5739,150.18,2021,1
5744,119.47,2021,1
5750,0.38,2021,1
5774,22.1,2021,1
5782,297.85,2021,1
5791,0.42,2021,1
5836,1259.58,2021,1
5884,65.03,2021,1
5939,17.73,2021,1
5955,111.03,2021,1
5971,53.93,2021,1
5974,1017.63,2021,1
5996,61.93,2021,1
6011,164.35,2021,1
6012,6.45,2021,1
6027,24.15,2021,1
6030,385.35,2021,1
6034,0.08,2021,1
6043,163.53,2021,1
6070,157.68,2021,1
6096,388.92,2021,1
6110,559.1,2021,1
6125,1164.38,2021,1
6129,194.1,2021,1
6165,98.75,2021,1
6218,14.73,2021,1
6227,235.62,2021,1
6239,48.48,2021,1
6252,409.82,2021,1
6253,283.95,2021,1
6261,0.18,2021,1
6278,974.87,2021,1
6312,489.53,2021,1
6313,485.35,2021,1
6330,421.88,2021,1
6331,55.35,2021,1
6363,62.0,2021,1
6367,157.07,2021,1
6379,211.42,2021,1
6394,332.57,2021,1
6395,348.22,2021,1
6408,100.12,2021,1
6409,169.73,2021,1
6410,78.8,2021,1
6418,42.45,2021,1
6421,660.63,2021,1
6433,254.18,2021,1
6451,12.2,2021,1
6464,203.88,2021,1
6488,1468.62,2021,1
6503,8.23,2021,1
6505,80.82,2021,1
6530,604.63,2021,1
6542,128.68,2021,1
6548,2072.47,2021,1
6559,160.42,2021,1
6560,20.35,2021,1
6569,4.35,2021,1
6580,26.72,2021,1
6589,443.77,2021,1
6599,33.67,2021,1
6616,1512.77,2021,1
6627,24.85,2021,1
6643,541.98,2021,1
6659,189.13,2021,1
6665,24.35,2021,1
6667,11.43,2021,1
6681,8.45,2021,1
6685,523.63,2021,1
6698,35.13,2021,1
6739,2509.4,2021,1
6741,32.97,2021,1
6743,23.97,2021,1
6745,86.8,2021,1
6757,71.0,2021,1
6762,494.87,2021,1
6773,18.03,2021,1
6791,261.13,2021,1
6814,27.43,2021,1
6817,13.5,2021,1
6819,603.8,2021,1
6824,307.5,2021,1
6836,33.53,2021,1
6864,6.02,2021,1
6867,9.08,2021,1
6869,39.75,2021,1
6871,14.23,2021,1
6884,1509.07,2021,1
6885,977.12,2021,1
6888,58.65,2021,1
6890,290.82,2021,1
6921,2346.4,2021,1
6924,268.05,2021,1
6932,205.2,2021,1
6939,0.43,2021,1
6940,35.9,2021,1
6944,15.43,2021,1
6950,102.88,2021,1
6958,384.82,2021,1
6965,75.87,2021,1
6976,2811.33,2021,1
6982,55.45,2021,1
6997,164.48,2021,1
7008,0.22,2021,1
7013,115.77,2021,1
7015,0.17,2021,1
7021,31.6,2021,1
7034,467.03,2021,1
7071,1382.28,2021,1
7076,3.0,2021,1
7081,30.45,2021,1
7086,1149.13,2021,1
7094,1.3,2021,1
7096,133.17,2021,1
7100,117.25,2021,1
7101,680.8,2021,1
7115,17.33,2021,1
7122,126.5,2021,1
7127,231.3,2021,1
7128,592.88,2021,1
7129,8.62,2021,1
7133,483.7,2021,1
7155,147.48,2021,1
7163,252.62,2021,1
7169,32.1,2021,1
7178,83.78,2021,1
7179,3.73,2021,1
7197,617.83,2021,1
7212,25.83,2021,1
7217,2.58,2021,1
7231,570.33,2021,1
7232,176.87,2021,1
7242,106.23,2021,1
7244,669.83,2021,1
7245,231.6,2021,1
7246,379.25,2021,1
7250,90.32,2021,1
7254,363.28,2021,1
7275,3.43,2021,1
7282,92.18,2021,1
7291,7.72,2021,1
7294,129.47,2021,1
7306,132.3,2021,1
7307,231.68,2021,1
7310,32.13,2021,1
7334,153.0,2021,1
7343,985.05,2021,1
7349,1270.92,2021,1
7355,0.37,2021,1
7358,163.47,2021,1
7365,648.78,2021,1
7373,17.98,2021,1
7382,969.47,2021,1
7386,70.03,2021,1
7404,14.57,2021,1
7406,7.55,2021,1
7412,1931.27,2021,1
7437,762.12,2021,1
7443,14.83,2021,1
7452,9.15,2021,1
7475,556.23,2021,1
7482,110.27,2021,1
7483,1.85,2021,1
7487,681.27,2021,1
7495,0.15,2021,1
7502,134.38,2021,1
7503,44.88,2021,1
7521,59.25,2021,1
7524,0.12,2021,1
7540,193.12,2021,1
7548,3.98,2021,1
7561,890.02,2021,1
7568,687.63,2021,1
7583,712.57,2021,1
7606,14.7,2021,1
7612,891.12,2021,1
7620,118.37,2021,1
7631,22.93,2021,1
7642,645.48,2021,1
7645,288.75,2021,1
7649,149.07,2021,1
7676,0.05,2021,1
7687,2416.87,2021,1
7724,24.1,2021,1
7726,73.7,2021,1
7735,0.1,2021,1
7742,213.22,2021,1
7752,70.65,2021,1
7782,135.65,2021,1
7819,5.98,2021,1
7861,1918.87,2021,1
7863,2.32,2021,1
7873,9.82,2021,1
7889,1.15,2021,1
7898,65.87,2021,1
7908,701.17,2021,1
7934,65.93,2021,1
7962,32.77,2021,1
7975,94.17,2021,1
7987,3.35,2021,1
8005,1456.05,2021,1
8010,481.08,2021,1
8018,133.57,2021,1
8030,182.47,2021,1
8053,34.4,2021,1
8057,55.6,2021,1
8059,4.33,2021,1
8068,111.55,2021,1
8095,697.8,2021,1
8107,0.95,2021,1
8133,152.88,2021,1
8183,40.32,2021,1
8223,377.68,2021,1
8260,7.03,2021,1
8380,667.08,2021,1
8412,548.28,2021,1
8425,16.08,2021,1
8437,774.47,2021,1
8444,7.43,2021,1
8452,102.63,2021,1
8495,252.83,2021,1
8519,27.17,2021,1
8538,31.78,2021,1
8539,199.15,2021,1
8544,65.8,2021,1
8555,94.05,2021,1
8567,3.73,2021,1
8591,148.6,2021,1
8600,206.47,2021,1
8641,24.15,2021,1
8679,1.03,2021,1
8686,0.22,2021,1
8716,5.08,2021,1
8734,238.45,2021,1
8758,454.72,2021,1
8773,22.3,2021,1
8779,0.3,2021,1
8797,33.98,2021,1
8798,10.07,2021,1
8825,0.22,2021,1
8835,157.73,2021,1
8855,2046.03,2021,1
8868,669.3,2021,1
8873,11.37,2021,1
8912,291.22,2021,1
8924,569.08,2021,1
8937,42.82,2021,1
8950,5.43,2021,1
8952,26.35,2021,1
8964,20.7,2021,1
9000,350.48,2021,1
9021,159.27,2021,1
9027,187.1,2021,1
9031,1.55,2021,1
9100,211.07,2021,1
9107,309.7,2021,1
9108,785.23,2021,1
9112,8.93,2021,1
9114,145.4,2021,1
9178,59.3,2021,1
9188,157.67,2021,1
9231,144.58,2021,1
9252,0.73,2021,1
9260,2.08,2021,1
9303,6.3,2021,1
9305,1008.9,2021,1
9334,68.37,2021,1
9336,5.47,2021,1
9354,7.95,2021,1
9372,14.78,2021,1
9387,13.43,2021,1
9409,961.53,2021,1
9429,1638.52,2021,1
9435,193.17,2021,1
9465,511.0,2021,1
9478,42.53,2021,1
9513,28.85,2021,1
9521,0.07,2021,1
9544,0.4,2021,1
9560,103.72,2021,1
9571,325.1,2021,1
9598,457.38,2021,1
9612,46.48,2021,1
9653,639.82,2021,1
9703,408.58,2021,1
9708,98.57,2021,1
9736,675.77,2021,1
9746,317.72,2021,1
9754,17.97,2021,1
9793,1071.82,2021,1
9794,127.95,2021,1
9803,274.0,2021,1
9806,14.13,2021,1
9812,1289.0,2021,1
9856,493.82,2021,1
9876,0.12,2021,1
9882,112.43,2021,1
9952,23.73,2021,1
9985,50.92,2021,1
9989,15.47,2021,1
10002,62.32,2021,1
10029,7.05,2021,1
10057,13.35,2021,1
10078,16.63,2021,1
10103,8.75,2021,1
10131,55.77,2021,1
10158,347.7,2021,1
10218,16.65,2021,1
10272,43.9,2021,1
10276,114.22,2021,1
10288,385.67,2021,1
10299,22.83,2021,1
10337,4.6,2021,1
10365,126.75,2021,1
10390,43.15,2021,1
10393,709.27,2021,1
10398,178.83,2021,1
10595,19.17,2021,1
10608,6.05,2021,1
10662,2.93,2021,1
10685,76.45,2021,1
10690,0.08,2021,1
10744,14.55,2021,1
10748,1591.38,2021,1
10791,37.93,2021,1
10839,855.28,2021,1
10902,0.23,2021,1
10938,2.53,2021,1
11002,42.97,2021,1
11026,75.42,2021,1
11082,6.85,2021,1
11124,6.15,2021,1
11209,642.95,2021,1
11227,313.13,2021,1
11311,566.57,2021,1
11325,444.3,2021,1
11365,358.82,2021,1
11404,96.17,2021,1
11489,68.9,2021,1
11538,0.1,2021,1
11583,155.85,2021,1
11604,1117.05,2021,1
11607,93.55,2021,1
11628,35.23,2021,1
11644,27.22,2021,1
11711,27.57,2021,1
11735,431.28,2021,1
11739,5.95,2021,1
11748,87.23,2021,1
11800,74.73,2021,1
11802,0.13,2021,1
11808,70.3,2021,1
11812,0.25,2021,1
11813,0.45,2021,1
11879,2540.88,2021,1
11937,5.38,2021,1
12033,12.93,2021,1
12043,23.58,2021,1
12073,36.52,2021,1
12127,12.98,2021,1
12146,6.62,2021,1
12160,1565.98,2021,1
12207,60.88,2021,1
12222,625.15,2021,1
12234,11.37,2021,1
12241,140.93,2021,1
12246,1.45,2021,1
12270,0.95,2021,1
12279,0.07,2021,1
12385,139.68,2021,1
12442,134.97,2021,1
12473,143.57,2021,1
12508,718.97,2021,1
12534,58.78,2021,1
12551,272.8,2021,1
12589,234.95,2021,1
12610,256.95,2021,1
12644,0.95,2021,1
12701,0.1,2021,1
12735,217.38,2021,1
12751,65.12,2021,1
12761,309.87,2021,1
12771,88.27,2021,1
12781,906.67,2021,1
12797,5.02,2021,1
12802,111.33,2021,1
12807,18.77,2021,1
12808,3.08,2021,1
12809,56.13,2021,1
12811,0.38,2021,1
12816,50.62,2021,1
12857,229.5,2021,1
12868,12.22,2021,1
12898,87.75,2021,1
12971,36.55,2021,1
12989,883.03,2021,1
13043,110.05,2021,1
13073,1211.17,2021,1
13076,259.97,2021,1
13079,1392.7,2021,1
13132,451.05,2021,1
13134,15.22,2021,1
13169,2.02,2021,1
13179,143.47,2021,1
13180,248.02,2021,1
13266,439.6,2021,1
13463,48.28,2021,1
13474,71.2,2021,1
13501,86.15,2021,1
13510,168.22,2021,1
13566,12.87,2021,1
13586,1.05,2021,1
13620,1118.28,2021,1
13644,161.93,2021,1
13804,0.18,2021,1
13807,30.33,2021,1
13902,28.37,2021,1
13960,19.53,2021,1
14425,12.0,2021,1
14470,8.45,2021,1
14629,121.73,2021,1
14633,80.05,2021,1
14700,331.63,2021,1
14714,238.1,2021,1
14735,387.7,2021,1
14765,1031.18,2021,1
14915,960.07,2021,1
14953,38.83,2021,1
14967,7.48,2021,1
15110,0.12,2021,1
15179,2.62,2021,1
15345,291.48,2021,1
15416,5.65,2021,1
15472,152.05,2021,1
15736,487.15,2021,1
16043,245.65,2021,1
16052,576.18,2021,1
16118,1387.87,2021,1
16414,220.32,2021,1
16417,0.07,2021,1
16450,339.38,2021,1
16473,0.73,2021,1
16632,862.42,2021,1
16725,787.18,2021,1
16728,201.93,2021,1
16825,0.27,2021,1
16832,0.1,2021,1
16863,10.92,2021,1
16991,1490.52,2021,1
17159,166.88,2021,1
17317,6.32,2021,1
17524,146.22,2021,1
17943,7.0,2021,1
18314,2.1,2021,1
18319,309.37,2021,1
18360,582.57,2021,1
18510,4.73,2021,1
18678,174.03,2021,1
18692,243.1,2021,1
18719,118.62,2021,1
18722,121.03,2021,1
18865,0.18,2021,1
18954,686.15,2021,1
19005,340.22,2021,1
19053,16.23,2021,1
19074,39.13,2021,1
19124,502.43,2021,1
19150,133.37,2021,1
19178,27.17,2021,1
19268,70.33,2021,1
19347,14.23,2021,1
19562,925.37,2021,1
19636,21.1,2021,1
19665,452.23,2021,1
19692,117.28,2021,1
19741,0.42,2021,1
19821,132.02,2021,1
19845,2.63,2021,1
19900,54.52,2021,1
19954,919.23,2021,1
19969,3.4,2021,1
20120,674.35,2021,1
20556,0.17,2021,1
20733,265.4,2021,1
21569,1147.38,2021,1
21633,205.27,2021,1
21793,19.57,2021,1
21801,2.2,2021,1
22161,0.07,2021,1
22195,1.68,2021,1
22351,0.23,2021,1
22476,146.33,2021,1
22533,529.53,2021,1
22653,0.08,2021,1
23526,1.02,2021,1
23708,539.58,2021,1
24006,792.2,2021,1
24423,1001.68,2021,1
24434,16.9,2021,1
24451,112.48,2021,1
24924,227.93,2021,1
25047,93.53,2021,1
25057,412.98,2021,1
25156,376.07,2021,1
25211,765.03,2021,1
25308,611.98,2021,1
25359,1120.95,2021,1
25863,93.03,2021,1
25992,23.58,2021,1
26922,2.42,2021,1
26933,386.95,2021,1
26949,3.2,2021,1
26958,177.08,2021,1
27104,0.07,2021,1
27576,392.03,2021,1
27832,5.9,2021,1
29303,1220.87,2021,1
30427,6.55,2021,1
30439,0.08,2021,1
31588,4.55,2021,1
32237,449.73,2021,1
32669,67.03,2021,1
32973,36.62,2021,1
33796,176.83,2021,1
33916,2.85,2021,1
34049,14.3,2021,1
34081,1.93,2021,1
34981,0.43,2021,1
35147,18.37,2021,1
37017,228.13,2021,1
37860,195.97,2021,1
38977,245.07,2021,1
39298,8.88,2021,1
40867,22.53,2021,1
41336,471.08,2021,1
41451,105.42,2021,1
41613,328.77,2021,1
42675,1730.2,2021,1
42928,235.8,2021,1
44291,350.95,2021,1
52075,0.32,2021,1
52866,22.78,2021,1
55709,0.08,2021,1
58007,159.67,2021,1
58539,24.05,2021,1
59292,48.38,2021,1
63369,88.7,2021,1
70008,113.53,2021,1
71149,1055.73,2021,1
71758,101.9,2021,1
74005,2.93,2021,1
75080,364.58,2021,1
86013,5.52,2021,1
98559,415.07,2021,1
101613,416.35,2021,1
102023,995.93,2021,1
103625,65.82,2021,1
111107,821.58,2021,1
111643,23.27,2021,1
113546,6.48,2021,1
115084,5.3,2021,1
115657,524.55,2021,1
120374,475.57,2021,1
123732,26.37,2021,1
134788,55.1,2021,1
135372,45.77,2021,1
137389,598.3,2021,1
137893,756.37,2021,1
139185,14.83,2021,1
141064,119.3,2021,1
142411,0.23,2021,1
143012,90.2,2021,1
143038,753.02,2021,1
143216,872.45,2021,1
143289,32.33,2021,1
143305,37.17,2021,1
143327,37.22,2021,1
143392,278.65,2021,1
143407,19.98,2021,1
143444,63.5,2021,1
143466,27.97,2021,1
143489,0.77,2021,1
143514,49.9,2021,1
143519,9.47,2021,1
143523,747.35,2021,1
143527,1147.55,2021,1
143536,7.28,2021,1
143561,541.97,2021,1
143597,6.05,2021,1
143599,55.58,2021,1
143643,524.8,2021,1
143655,6.63,2021,1
143691,22.23,2021,1
143693,48.1,2021,1
143701,375.88,2021,1
143711,45.5,2021,1
143746,325.0,2021,1
143770,167.87,2021,1
143777,64.72,2021,1
143781,1128.48,2021,1
143797,505.35,2021,1
143801,105.22,2021,1
143853,636.7,2021,1
143920,31.23,2021,1
143923,0.35,2021,1
143958,41.95,2021,1
144083,72.95,2021,1
144087,0.08,2021,1
144090,1.95,2021,1
144119,2.25,2021,1
144126,461.62,2021,1
144164,579.62,2021,1
144174,571.18,2021,1
144208,79.18,2021,1
144220,39.83,2021,1
144230,21.52,2021,1
144240,215.55,2021,1
144273,11.57,2021,1
144293,1112.95,2021,1
144305,394.15,2021,1
144343,242.28,2021,1
144348,390.38,2021,1
144355,25.15,2021,1
144378,1370.17,2021,1
144381,315.87,2021,1
144384,147.5,2021,1
144387,71.88,2021,1
144395,533.0,2021,1
144400,543.53,2021,1
144403,290.0,2021,1
144426,615.8,2021,1
144444,65.95,2021,1
144467,56.43,2021,1
144492,211.95,2021,1
144556,405.68,2021,1
144565,612.32,2021,1
144599,74.88,2021,1
144627,688.88,2021,1
144638,39.57,2021,1
144644,101.5,2021,1
144681,281.95,2021,1
144682,436.07,2021,1
144707,357.07,2021,1
144713,7.65,2021,1
144749,1022.48,2021,1
144764,432.85,2021,1
144786,868.28,2021,1
144788,574.95,2021,1
144789,73.33,2021,1
144843,2245.8,2021,1
144869,1366.93,2021,1
144873,146.52,2021,1
144874,522.83,2021,1
144900,548.15,2021,1
144907,0.72,2021,1
144912,37.73,2021,1
144929,550.2,2021,1
144939,744.08,2021,1
144956,115.9,2021,1
144987,237.87,2021,1
145013,271.75,2021,1
145050,504.75,2021,1
145089,494.5,2021,1
145091,130.93,2021,1
145135,884.43,2021,1
145167,256.18,2021,1
145179,18.63,2021,1
145183,184.28,2021,1
145185,148.35,2021,1
145190,5.45,2021,1
145196,45.02,2021,1
145212,105.85,2021,1
145230,6.97,2021,1
145231,39.27,2021,1
145235,24.3,2021,1
145240,759.15,2021,1
145254,408.35,2021,1
145258,350.23,2021,1
145278,155.33,2021,1
145281,141.47,2021,1
145285,1885.12,2021,1
145290,2202.12,2021,1
145308,237.77,2021,1
145310,4.98,2021,1
145344,8.6,2021,1
145345,137.27,2021,1
145349,390.95,2021,1
145353,486.95,2021,1
145358,44.32,2021,1
145370,1101.9,2021,1
145386,412.33,2021,1
145399,0.05,2021,1
145464,68.45,2021,1
145477,115.23,2021,1
145502,1503.27,2021,1
145560,260.48,2021,1
145561,20.87,2021,1
145569,647.22,2021,1
145628,0.35,2021,1
145672,1811.25,2021,1
145681,564.4,2021,1
145684,1.88,2021,1
145730,1962.43,2021,1
145747,37.1,2021,1
145751,53.1,2021,1
145754,8.83,2021,1
145762,609.87,2021,1
145768,822.85,2021,1
145773,2.68,2021,1
145774,28.05,2021,1
145792,105.37,2021,1
145793,204.17,2021,1
145795,931.72,2021,1
145796,800.58,2021,1
145813,320.27,2021,1
145821,259.73,2021,1
145822,3.28,2021,1
145834,1104.47,2021,1
145842,0.15,2021,1
145853,94.3,2021,1
145867,197.88,2021,1
145868,280.47,2021,1
145873,1729.75,2021,1
145877,107.25,2021,1
145899,374.92,2021,1
145903,1.48,2021,1
145905,2693.88,2021,1
145915,2810.63,2021,1
145944,305.28,2021,1
145954,636.57,2021,1
145957,19.13,2021,1
145965,926.43,2021,1
145993,743.62,2021,1
146015,977.52,2021,1
146021,441.77,2021,1
146036,72.13,2021,1
146049,220.87,2021,1
146051,20.02,2021,1
146052,462.4,2021,1
146068,42.85,2021,1
146133,391.8,2021,1
146144,83.57,2021,1
146145,31.12,2021,1
146149,371.68,2021,1
146172,600.25,2021,1
146185,44.33,2021,1
146189,192.72,2021,1
146201,1247.5,2021,1
146224,620.02,2021,1
146249,25.37,2021,1
146252,177.8,2021,1
146308,310.38,2021,1
146339,1147.05,2021,1
146352,817.13,2021,1
146367,801.77,2021,1
146384,25.48,2021,1
146397,1455.67,2021,1
146419,0.23,2021,1
146424,456.38,2021,1
146427,476.58,2021,1
146429,0.25,2021,1
146457,460.25,2021,1
146479,1360.68,2021,1
146480,168.8,2021,1
146485,431.97,2021,1
146487,119.35,2021,1
146498,1200.85,2021,1
146514,708.0,2021,1
146518,493.05,2021,1
146526,341.0,2021,1
146536,372.93,2021,1
146542,54.88,2021,1
146551,56.43,2021,1
146552,0.43,2021,1
146555,2.12,2021,1
146568,9.67,2021,1
146578,632.4,2021,1
146608,695.6,2021,1
146613,2186.68,2021,1
146625,65.13,2021,1
146675,1.45,2021,1
146730,76.65,2021,1
146734,19.18,2021,1
146760,38.85,2021,1
146767,440.23,2021,1
146772,39.27,2021,1
146788,1534.88,2021,1
146799,162.6,2021,1
146801,756.17,2021,1
146807,223.9,2021,1
146821,302.12,2021,1
146851,353.88,2021,1
146853,29.53,2021,1
146855,6.92,2021,1
146859,215.18,2021,1
146865,68.7,2021,1
146866,952.3,2021,1
146872,958.22,2021,1
146880,66.53,2021,1
146888,176.77,2021,1
146891,861.13,2021,1
146897,130.9,2021,1
146906,9.83,2021,1
146907,54.15,2021,1
146908,121.43,2021,1
146909,139.73,2021,1
146914,276.08,2021,1
146929,2.33,2021,1
146932,37.77,2021,1
146937,76.37,2021,1
146940,0.17,2021,1
146948,318.62,2021,1
146958,633.97,2021,1
146960,448.6,2021,1
146964,282.77,2021,1
146976,413.65,2021,1
146977,434.65,2021,1
146990,168.52,2021,1
146991,193.72,2021,1
147005,340.08,2021,1
147013,112.9,2021,1
147015,700.97,2021,1
147025,23.12,2021,1
147043,438.03,2021,1
147044,0.8,2021,1
147045,1072.68,2021,1
147047,499.78,2021,1
147053,33.0,2021,1
147057,347.85,2021,1
147059,155.47,2021,1
147061,954.75,2021,1
147062,37.6,2021,1
147066,224.63,2021,1
147076,10.35,2021,1
147083,1712.27,2021,1
147087,349.07,2021,1
147102,426.8,2021,1
147111,17.32,2021,1
147136,420.23,2021,1
147142,359.02,2021,1
147143,750.12,2021,1
147146,59.62,2021,1
147148,547.43,2021,1
147149,266.07,2021,1
147150,175.1,2021,1
147152,69.62,2021,1
147158,499.15,2021,1
147159,2.7,2021,1
147161,140.32,2021,1
147169,540.97,2021,1
147178,60.95,2021,1
147180,445.78,2021,1
147181,18.15,2021,1
147183,315.47,2021,1
147197,534.48,2021,1
147200,440.95,2021,1
147217,662.72,2021,1
147231,175.45,2021,1
147236,1482.8,2021,1
147249,36.48,2021,1
147258,1454.27,2021,1
147259,0.35,2021,1
147269,335.5,2021,1
147290,246.97,2021,1
147291,11.37,2021,1
147305,54.95,2021,1
147317,350.1,2021,1
147319,54.57,2021,1
147323,33.13,2021,1
147338,1507.5,2021,1
147346,106.38,2021,1
147356,681.65,2021,1
147359,33.35,2021,1
147368,96.73,2021,1
147385,952.58,2021,1
147388,181.52,2021,1
147405,491.32,2021,1
147430,642.07,2021,1
147437,715.17,2021,1
147441,34.57,2021,1
147444,151.08,2021,1
147446,630.37,2021,1
147447,219.18,2021,1
147448,873.33,2021,1
147449,233.15,2021,1
147460,71.88,2021,1
147473,2585.15,2021,1
147479,1163.55,2021,1
147506,193.87,2021,1
147515,13.05,2021,1
147526,327.18,2021,1
147530,334.0,2021,1
147546,273.4,2021,1
147550,40.12,2021,1
147555,464.37,2021,1
147568,0.95,2021,1
147576,1254.07,2021,1
147579,65.32,2021,1
147591,80.08,2021,1
147593,795.88,2021,1
147600,540.73,2021,1
147604,1458.12,2021,1
147612,260.88,2021,1
147618,1507.28,2021,1
147625,16.27,2021,1
147643,88.07,2021,1
147666,8.92,2021,1
147676,553.95,2021,1
147687,2707.22,2021,1
147715,280.0,2021,1
147733,599.62,2021,1
147737,521.13,2021,1
147755,569.0,2021,1
147763,240.0,2021,1
147773,2950.62,2021,1
147801,30.95,2021,1
147804,301.1,2021,1
147876,703.22,2021,1
147884,294.97,2021,1
147903,659.67,2021,1
147906,460.2,2021,1
147959,510.5,2021,1
147991,38.5,2021,1
147992,26.57,2021,1
147993,762.73,2021,1
148002,403.03,2021,1
148049,249.72,2021,1
148053,0.73,2021,1
148054,1271.82,2021,1
148089,5.57,2021,1
148094,305.85,2021,1
148103,321.18,2021,1
148109,354.72,2021,1
148126,431.75,2021,1
148128,72.78,2021,1
148134,788.32,2021,1
148194,856.13,2021,1
148222,1558.0,2021,1
148228,2.7,2021,1
148257,1969.82,2021,1
148263,333.37,2021,1
148265,1205.18,2021,1
148272,1124.07,2021,1
148280,24.3,2021,1
148297,65.18,2021,1
148326,839.1,2021,1
148328,0.93,2021,1
148329,433.82,2021,1
148330,613.42,2021,1
148339,81.68,2021,1
148344,69.87,2021,1
148346,562.72,2021,1
148356,59.1,2021,1
148372,155.55,2021,1
148411,274.38,2021,1
148412,50.68,2021,1
148420,57.8,2021,1
148455,418.28,2021,1
148467,490.05,2021,1
148486,290.27,2021,1
148488,882.98,2021,1
148497,1504.05,2021,1
148527,1286.95,2021,1
148531,236.07,2021,1
148559,921.53,2021,1
148577,80.82,2021,1
148584,494.6,2021,1
148601,0.3,2021,1
148618,19.83,2021,1
148628,160.75,2021,1
148643,116.9,2021,1
148646,389.98,2021,1
148667,1370.88,2021,1
148669,246.68,2021,1
148670,107.78,2021,1
148685,37.68,2021,1
148712,0.63,2021,1
148715,546.62,2021,1
148758,34.5,2021,1
148777,116.33,2021,1
148778,79.48,2021,1
148785,1440.65,2021,1
148787,132.97,2021,1
148793,1350.33,2021,1
148812,21.17,2021,1
148814,179.98,2021,1
148817,1022.78,2021,1
148837,1053.97,2021,1
148854,5.7,2021,1
148882,17.4,2021,1
148886,1881.9,2021,1
148901,1524.25,2021,1
148919,88.3,2021,1
148927,625.07,2021,1
148933,1039.57,2021,1
148939,2460.25,2021,1
148948,292.47,2021,1
148996,74.08,2021,1
149015,2728.23,2021,1
149023,169.08,2021,1
149027,3.8,2021,1
149037,51.63,2021,1
149038,141.4,2021,1
149044,204.07,2021,1
149049,162.45,2021,1
149064,1130.32,2021,1
149109,366.5,2021,1
149122,623.75,2021,1
149123,49.17,2021,1
149125,926.82,2021,1
149131,387.2,2021,1
149135,552.77,2021,1
149195,824.35,2021,1
149197,67.7,2021,1
149218,2910.43,2021,1
149241,755.25,2021,1
149253,22.73,2021,1
149260,422.13,2021,1
149290,6.85,2021,1
149303,647.88,2021,1
149323,0.25,2021,1
149361,108.53,2021,1
149402,509.32,2021,1
149404,532.35,2021,1
149455,352.8,2021,1
149474,239.02,2021,1
149494,1429.08,2021,1
149500,814.02,2021,1
149515,77.45,2021,1
149546,8.7,2021,1
149547,263.92,2021,1
149548,394.38,2021,1
149554,109.9,2021,1
149566,1002.73,2021,1
149569,16.18,2021,1
149577,680.83,2021,1
149584,344.93,2021,1
149591,874.05,2021,1
149610,200.85,2021,1
149617,214.38,2021,1
149633,230.92,2021,1
149636,95.57,2021,1
149652,532.2,2021,1
149690,126.78,2021,1
149763,1111.6,2021,1
149770,547.88,2021,1
149812,2035.33,2021,1
149815,829.72,2021,1
149844,26.0,2021,1
149849,119.85,2021,1
149887,554.97,2021,1
149892,204.6,2021,1
149903,311.12,2021,1
149946,250.32,2021,1
149950,399.85,2021,1
149951,275.83,2021,1
149960,460.68,2021,1
150015,62.18,2021,1
150052,106.12,2021,1
150053,117.3,2021,1
150059,400.67,2021,1
150061,2558.0,2021,1
150064,845.02,2021,1
150076,27.02,2021,1
150090,910.22,2021,1
150094,33.17,2021,1
150127,16.62,2021,1
150147,114.27,2021,1
150158,0.12,2021,1
150269,207.45,2021,1
150288,105.82,2021,1
150462,6.9,2021,1
150582,905.27,2021,1
150663,734.93,2021,1
150664,35.57,2021,1
150678,311.35,2021,1
150733,111.55,2021,1
150757,356.68,2021,1
150819,1012.68,2021,1
150851,74.45,2021,1
150854,679.33,2021,1
150861,444.35,2021,1
150864,408.98,2021,1
150890,1075.35,2021,1
150906,37.1,2021,1
150949,3185.95,2021,1
150981,176.55,2021,1
151037,19.48,2021,1
151082,1.6,2021,1
151113,2906.62,2021,1
151153,100.2,2021,1
151156,659.42,2021,1
151171,218.77,2021,1
151188,657.5,2021,1
151197,5.8,2021,1
151287,3.97,2021,1
151313,662.93,2021,1
151321,16.48,2021,1
151366,278.27,2021,1
151402,335.23,2021,1
151404,2881.6,2021,1
151418,0.28,2021,1
151428,329.15,2021,1
151494,0.2,2021,1
151559,13.65,2021,1
151574,7.12,2021,1
151620,466.62,2021,1
151638,437.35,2021,1
151643,450.82,2021,1
151663,170.25,2021,1
151694,2628.42,2021,1
151709,917.62,2021,1
151759,475.17,2021,1
151765,950.4,2021,1
151779,102.1,2021,1
151783,298.78,2021,1
151811,652.23,2021,1
151819,67.6,2021,1
151829,87.68,2021,1
151849,530.53,2021,1
151879,518.1,2021,1
151886,1188.72,2021,1
151892,73.15,2021,1
151950,438.7,2021,1
151952,24.12,2021,1
151953,682.6,2021,1
151962,371.32,2021,1
151981,964.77,2021,1
151988,241.13,2021,1
152006,31.0,2021,1
152033,54.4,2021,1
152060,226.73,2021,1
152068,78.62,2021,1
152082,37.23,2021,1
152109,1019.92,2021,1
152123,1844.02,2021,1
152138,11.35,2021,1
152140,77.25,2021,1
152141,221.48,2021,1
152174,127.37,2021,1
152177,2860.92,2021,1
152232,420.4,2021,1
152249,48.47,2021,1
152253,355.27,2021,1
152265,2077.53,2021,1
152267,317.05,2021,1
152285,1827.5,2021,1
152336,326.48,2021,1
152346,456.12,2021,1
152353,710.22,2021,1
152360,107.7,2021,1
152369,420.82,2021,1
152402,211.57,2021,1
152421,64.75,2021,1
152429,1186.98,2021,1
152472,2261.85,2021,1
152502,197.3,2021,1
152533,105.93,2021,1
152551,42.15,2021,1
152601,307.05,2021,1
152611,1288.0,2021,1
152659,888.05,2021,1
152692,1328.55,2021,1
152766,228.57,2021,1
152811,1030.28,2021,1
152825,26.32,2021,1
152826,0.12,2021,1
152855,238.5,2021,1
152884,333.22,2021,1
152896,108.77,2021,1
152969,398.15,2021,1
152970,664.0,2021,1
152978,177.65,2021,1
152979,593.82,2021,1
152999,658.0,2021,1
153050,946.63,2021,1
153091,675.25,2021,1
153103,737.12,2021,1
153223,1326.68,2021,1
153229,178.55,2021,1
153235,0.13,2021,1
153255,1329.48,2021,1
153351,832.48,2021,1
153379,0.98,2021,1
153388,79.75,2021,1
153478,488.78,2021,1
153509,1740.48,2021,1
153519,1902.13,2021,1
153526,949.75,2021,1
153558,1870.82,2021,1
153574,301.2,2021,1
153700,194.98,2021,1
153726,345.02,2021,1
153741,705.83,2021,1
153762,580.75,2021,1
153773,198.67,2021,1
153885,299.35,2021,1
153895,261.15,2021,1
153897,7.92,2021,1
153931,661.85,2021,1
153934,373.17,2021,1
153938,323.05,2021,1
153953,989.88,2021,1
153956,201.83,2021,1
153971,4.92,2021,1
153972,2834.28,2021,1
153974,231.35,2021,1
153987,775.28,2021,1
154046,571.18,2021,1
154050,246.15,2021,1
154092,962.97,2021,1
154108,150.52,2021,1
154128,29.75,2021,1
154133,130.73,2021,1
154143,211.2,2021,1
154171,887.1,2021,1
154181,1424.18,2021,1
154300,228.6,2021,1
154320,274.73,2021,1
154378,638.63,2021,1
154458,532.1,2021,1
154460,0.05,2021,1
154491,523.13,2021,1
154508,360.97,2021,1
154509,643.17,2021,1
154556,1383.57,2021,1
154559,62.87,2021,1
154576,419.92,2021,1
154600,415.22,2021,1
154656,345.2,2021,1
154674,252.57,2021,1
154713,36.83,2021,1
154750,417.25,2021,1
154765,99.53,2021,1
154821,1104.77,2021,1
154853,512.77,2021,1
154921,35.22,2021,1
154995,259.18,2021,1
155034,1058.55,2021,1
155035,351.13,2021,1
155037,425.55,2021,1
155073,178.07,2021,1
155087,11.42,2021,1
155096,309.78,2021,1
155116,90.92,2021,1
155280,288.47,2021,1
155301,185.67,2021,1
155427,1388.75,2021,1
155431,250.58,2021,1
155444,484.17,2021,1
155456,878.15,2021,1
155459,436.77,2021,1
155462,687.27,2021,1
155466,505.05,2021,1
155494,194.12,2021,1
155621,1586.85,2021,1
155628,5.85,2021,1
155694,306.13,2021,1
155712,26.27,2021,1
155741,300.65,2021,1
155744,141.73,2021,1
155747,54.37,2021,1
155805,63.07,2021,1
155816,0.07,2021,1
155845,232.27,2021,1
155897,97.67,2021,1
155912,270.17,2021,1
155918,509.05,2021,1
155924,749.98,2021,1
155926,69.53,2021,1
155961,38.9,2021,1
155973,635.02,2021,1
155987,159.82,2021,1
155992,353.88,2021,1
156042,641.63,2021,1
156057,843.28,2021,1
156077,100.02,2021,1
156078,190.7,2021,1
156080,96.02,2021,1
156099,15.63,2021,1
156132,23.87,2021,1
156152,9.43,2021,1
156159,574.47,2021,1
156167,880.03,2021,1
156171,154.95,2021,1
156180,19.18,2021,1
156182,172.95,2021,1
156184,657.43,2021,1
156191,39.43,2021,1
156194,5.82,2021,1
156206,1348.98,2021,1
156211,149.77,2021,1
156218,580.92,2021,1
156219,914.37,2021,1
156226,129.37,2021,1
156231,394.8,2021,1
156234,234.73,2021,1
156240,125.62,2021,1
156241,944.38,2021,1
156250,154.87,2021,1
156251,153.07,2021,1
156253,397.47,2021,1
156257,795.08,2021,1
156271,121.75,2021,1
156274,29.02,2021,1
156276,215.33,2021,1
156291,161.15,2021,1
156293,177.35,2021,1
156296,26.57,2021,1
156318,14.7,2021,1
156319,365.22,2021,1
156323,2.1,2021,1
156324,1417.85,2021,1
156325,42.87,2021,1
156343,139.4,2021,1
156344,681.78,2021,1
156348,614.47,2021,1
156360,465.18,2021,1
156362,102.55,2021,1
156388,322.4,2021,1
156389,103.57,2021,1
156391,155.32,2021,1
156399,759.35,2021,1
156400,53.5,2021,1
156406,848.27,2021,1
156407,532.32,2021,1
156409,41.45,2021,1
156417,474.3,2021,1
156427,502.03,2021,1
156428,337.15,2021,1
156431,25.12,2021,1
156439,46.97,2021,1
156441,311.6,2021,1
156444,23.25,2021,1
156446,415.77,2021,1
156461,698.67,2021,1
156464,181.88,2021,1
156467,11.3,2021,1
156482,460.35,2021,1
156484,1029.32,2021,1
156487,250.82,2021,1
156494,2.73,2021,1
156498,659.53,2021,1
156501,6.22,2021,1
156504,189.4,2021,1
156510,150.07,2021,1
156512,246.5,2021,1
156519,405.88,2021,1
156521,274.22,2021,1
156534,1311.15,2021,1
156541,252.8,2021,1
156543,70.25,2021,1
156547,876.27,2021,1
156549,88.17,2021,1
156551,12.22,2021,1
156561,434.55,2021,1
156564,30.07,2021,1
156568,4.25,2021,1
156582,189.6,2021,1
156584,259.03,2021,1
156587,136.3,2021,1
156588,40.52,2021,1
156592,378.27,2021,1
156604,0.83,2021,1
156605,80.63,2021,1
156607,70.83,2021,1
156608,422.48,2021,1
156610,839.17,2021,1
156612,157.78,2021,1
156619,9.98,2021,1
156631,197.17,2021,1
156647,1322.18,2021,1
156649,69.03,2021,1
156656,829.48,2021,1
156661,1.52,2021,1
156674,525.92,2021,1
156680,289.67,2021,1
156686,932.75,2021,1
156687,72.38,2021,1
156691,178.42,2021,1
156693,299.12,2021,1
156694,514.73,2021,1
156695,950.02,2021,1
156703,153.53,2021,1
156708,20.15,2021,1
156716,527.73,2021,1
156719,168.42,2021,1
156725,139.38,2021,1
156727,70.43,2021,1
156743,124.52,2021,1
156748,335.43,2021,1
156752,121.02,2021,1
156753,74.62,2021,1
156757,496.35,2021,1
156760,162.05,2021,1
156770,64.93,2021,1
156772,121.07,2021,1
156774,68.77,2021,1
156775,451.88,2021,1
156777,0.12,2021,1
156778,123.58,2021,1
156780,0.07,2021,1
156787,201.48,2021,1
156795,18.32,2021,1
156822,216.75,2021,1
156831,816.57,2021,1
156838,66.13,2021,1
156841,328.68,2021,1
156843,465.7,2021,1
156844,652.75,2021,1
156845,985.0,2021,1
156896,1257.48,2021,1
156901,136.4,2021,1
156905,352.15,2021,1
156908,254.92,2021,1
156921,12.45,2021,1
156931,262.98,2021,1
156966,351.92,2021,1
156975,39.4,2021,1
156996,2593.6,2021,1
157012,114.75,2021,1
157039,324.6,2021,1
157115,2446.62,2021,1
157118,190.33,2021,1
157134,163.95,2021,1
157146,91.62,2021,1
157166,589.98,2021,1
157184,132.5,2021,1
157198,232.97,2021,1
157202,147.75,2021,1
157218,440.82,2021,1
157232,632.92,2021,1
157248,426.32,2021,1
157272,13.15,2021,1
157277,1187.9,2021,1
157285,111.87,2021,1
157306,63.8,2021,1
157313,178.4,2021,1
157334,589.83,2021,1
157360,357.75,2021,1
157377,107.57,2021,1
157419,274.72,2021,1
157423,341.95,2021,1
157465,234.17,2021,1
157476,446.65,2021,1
157525,2.62,2021,1
157526,57.03,2021,1
157536,21.97,2021,1
157568,0.07,2021,1
157578,62.05,2021,1
157594,1.13,2021,1
157600,120.0,2021,1
157642,286.55,2021,1
157653,70.92,2021,1
157686,41.13,2021,1
157698,502.48,2021,1
157722,194.07,2021,1
157777,236.57,2021,1
157786,178.0,2021,1
157816,903.9,2021,1
157841,211.62,2021,1
157853,435.78,2021,1
157904,615.23,2021,1
157905,413.43,2021,1
157911,466.42,2021,1
157913,19.37,2021,1
157914,15.57,2021,1
157915,52.88,2021,1
157916,67.57,2021,1
157933,332.08,2021,1
157934,64.48,2021,1
157971,905.18,2021,1
157974,77.08,2021,1
157977,174.03,2021,1
157988,237.6,2021,1
157989,84.18,2021,1
157997,516.37,2021,1
158021,0.05,2021,1
158031,27.7,2021,1
158038,540.15,2021,1
158045,139.23,2021,1
158054,346.48,2021,1
158104,176.07,2021,1
158105,47.35,2021,1
158108,0.27,2021,1
158119,59.4,2021,1
158179,448.95,2021,1
158205,275.27,2021,1
158250,9.65,2021,1
158260,132.95,2021,1
158272,214.2,2021,1
158278,446.97,2021,1
158315,42.72,2021,1
158336,102.08,2021,1
158376,174.65,2021,1
158413,19.6,2021,1
158466,111.17,2021,1
158482,0.45,2021,1
158529,1.35,2021,1
158612,0.52,2021,1
158706,3.02,2021,1
1883,0.83,2021,1
4818,33.58,2021,1
8431,1.62,2021,1
22083,71.82,2021,1
143721,33.4,2021,1
148060,55.52,2021,1
148133,23.67,2021,1
149042,51.03,2021,1
149098,13.37,2021,1
150745,846.68,2021,1
152188,2.97,2021,1
152241,6.77,2021,1
153745,6.1,2021,1
155900,6.4,2021,1
156048,5.6,2021,1
156575,47.63,2021,1
156758,2.43,2021,1
156894,75.08,2021,1
157517,72.72,2021,1
157528,199.95,2021,1
157800,23.92,2021,1
157976,16.77,2021,1
158109,1.45,2021,1
158129,62.4,2021,1
158145,19.2,2021,1
158563,13.98,2021,1
7421,0.48,2021,1
8877,0.18,2021,1
147849,16.53,2021,1
148849,0.87,2021,1
149601,14.8,2021,1
151021,68.75,2021,1
151900,58.25,2021,1
152427,0.92,2021,1
152523,25.72,2021,1
153108,8.98,2021,1
156614,9.65,2021,1
156660,53.05,2021,1
158646,0.32,2021,1
1543,8.18,2021,1
4016,21.2,2021,1
77476,36.55,2021,1
144023,16.92,2021,1
144397,37.23,2021,1
146401,1.67,2021,1
149883,0.42,2021,1
150823,1.03,2021,1
152959,11.45,2021,1
153930,0.2,2021,1
154358,8.27,2021,1
154735,33.58,2021,1
156183,0.05,2021,1
156542,0.45,2021,1
156767,14.77,2021,1
156887,0.05,2021,1
157502,5.05,2021,1
11345,0.37,2021,1
13621,0.15,2021,1
14383,0.32,2021,1
15478,50.05,2021,1
149790,0.38,2021,1
149977,23.33,2021,1
154291,11.38,2021,1
154869,20.02,2021,1
156645,0.52,2021,1
157192,0.2,2021,1
157839,2.45,2021,1
158243,5.37,2021,1
158659,169.58,2021,1
